<?xml version="1.0" encoding="UTF-8"?>
<project-private xmlns="http://www.netbeans.org/ns/project-private/1">
    <editor-bookmarks xmlns="http://www.netbeans.org/ns/editor-bookmarks/2" lastBookmarkId="0"/>
    <open-files xmlns="http://www.netbeans.org/ns/projectui-open-files/2">
        <group>
            <file>file:/E:/new%20project/Banking%20Management/src/banking/management/BalanceEquiry.java</file>
            <file>file:/E:/new%20project/Banking%20Management/src/banking/management/Deposit.java</file>
            <file>file:/E:/new%20project/Banking%20Management/src/banking/management/Withdrawl.java</file>
            <file>file:/E:/new%20project/Banking%20Management/src/banking/management/Pin.java</file>
            <file>file:/E:/new%20project/Banking%20Management/src/banking/management/MiniStatement.java</file>
            <file>file:/E:/new%20project/Banking%20Management/src/banking/management/Transactions.java</file>
            <file>file:/E:/new%20project/Banking%20Management/src/banking/management/FastCash.java</file>
        </group>
    </open-files>
</project-private>
